line_no.,grazer_spp.,start_date,start_time,end_date,end_time,rep_no.,trt,algae_spp.,algae_Wi,algae_Wf,algae_CF,algae_Wd,grazer_weight,added grazer weight (1 extra starve day added @ 15:00 1/29/2020),water_temp,air_temp,flow_rate,starve_start,Starve end,notes,grazer_type
1,Haliotis cracherodii,9/20/19,11:00,9/23/19,10:56,LMAbC1,Control,macro,25.2752,21.2,0.8388,NA,NA,NA,NA,NA,NA,NA,NA,instrument used for final weights was only precise to the tenths place. Data need to be analyzed at that precision,
2,Haliotis cracherodii,9/20/19,11:00,9/23/19,10:56,LMAbE1,Experimental,macro,21.0668,9.6,NA,8.1,NA,NA,NA,NA,NA,NA,NA,,snail
3,Haliotis cracherodii,9/20/19,11:00,9/23/19,10:56,LSAbC1,Control,sargassum,24.085,24.6,1.0214,NA,NA,NA,NA,NA,NA,NA,NA,,snail
4,Haliotis cracherodii,9/20/19,11:00,9/23/19,10:56,LSAbE1,Experimental,sargassum,21.6958,19.8,NA,2.4,NA,NA,NA,NA,NA,NA,NA,,snail
5,Haliotis cracherodii,9/20/19,11:00,9/24/19,9:00,LMAbC2,Control,macro,20.658,13.6,0.6583,NA,NA,NA,NA,NA,NA,NA,NA,,snail
6,Haliotis cracherodii,9/20/19,11:00,9/24/19,9:00,LMAbE2,Experimental,macro,19.329,9,NA,3.7,NA,NA,NA,NA,NA,NA,NA,,snail
7,Haliotis cracherodii,9/20/19,11:00,9/24/19,9:00,LSAbC2,Control,sargassum,22.962,23.8,1.0365,NA,NA,NA,NA,NA,NA,NA,NA,,snail
8,Haliotis cracherodii,9/20/19,11:00,9/24/19,9:00,LSAbE2,Experimental,sargassum,22.22,20.4,NA,2.6,NA,NA,NA,NA,NA,NA,NA,,snail
9,Haliotis cracherodii,9/20/19,11:00,9/23/19,10:56,LMAbC3,Control,macro,19.21,19.2,0.9995,NA,NA,NA,NA,NA,NA,NA,NA,,snail
10,Haliotis cracherodii,9/20/19,11:00,9/23/19,10:56,LMAbE3,Experimental,macro,18.066,9.8,NA,8.3,NA,NA,NA,NA,NA,NA,NA,,snail
11,Haliotis cracherodii,9/20/19,11:00,9/23/19,10:56,LSAbC3,Control,sargassum,17.825,17.6,0.9874,NA,NA,NA,NA,NA,NA,NA,NA,,snail
12,Haliotis cracherodii,9/20/19,11:00,9/23/19,10:56,LSAbE3,Experimental,sargassum,20.236,17.2,NA,2.8,NA,NA,NA,NA,NA,NA,NA,,snail
13,Haliotis cracherodii,9/20/19,11:00,9/23/19,10:56,LMAbC4,Control,macro,24.958,19.4,0.7773,NA,NA,NA,NA,NA,NA,NA,NA,,snail
14,Haliotis cracherodii,9/20/19,11:00,9/23/19,10:56,LMAbE4,Experimental,macro,20.691,9.2,NA,6.9,NA,NA,NA,NA,NA,NA,NA,,snail
15,Haliotis cracherodii,9/20/19,11:00,9/23/19,10:56,LSAbC4,Control,sargassum,19.887,19.6,0.9856,NA,NA,NA,NA,NA,NA,NA,NA,,snail
16,Haliotis cracherodii,9/20/19,11:00,9/23/19,10:56,LSAbE4,Experimental,sargassum,20.231,18,NA,1.9,NA,NA,NA,NA,NA,NA,NA,,snail
17,Haliotis cracherodii,9/20/19,11:00,9/24/19,9:00,LMAbC5,Control,macro,21.015,20.6,0.9803,NA,NA,NA,NA,NA,NA,NA,NA,,snail
18,Haliotis cracherodii,9/20/19,11:00,9/24/19,9:00,LMAbE5,Experimental,macro,18.8,11.2,NA,7.2,NA,NA,NA,NA,NA,NA,NA,,snail
19,Haliotis cracherodii,9/20/19,11:00,9/24/10,9:00,LSAbC5,Control,sargassum,20.825,22.8,1.0948,NA,NA,NA,NA,NA,NA,NA,NA,,snail
20,Haliotis cracherodii,9/20/19,11:00,9/24/19,9:00,LSAbE5,Experimental,sargassum,21.2,20.6,NA,2.6,NA,NA,NA,NA,NA,NA,NA,,snail
21,Haliotis cracherodii,9/20/19,11:00,9/23/19,10:56,LMAbC6,Control,macro,21.977,19.2,0.8736,NA,NA,NA,NA,NA,NA,NA,NA,,snail
22,Haliotis cracherodii,9/20/19,11:00,9/23/19,10:56,LMAbE6,Experimental,macro,21.792,6.6,NA,12.4,NA,NA,NA,NA,NA,NA,NA,,snail
23,Haliotis cracherodii,9/20/19,11:00,9/23/19,10:56,LSAbC6,Control,sargassum,19.151,19.2,1.0026,NA,NA,NA,NA,NA,NA,NA,NA,,snail
24,Haliotis cracherodii,9/20/19,11:00,9/23/19,10:56,LSAbE6,Experimental,sargassum,21.69,22.4,NA,-0.7,NA,NA,NA,NA,NA,NA,NA,,snail
25,Haliotis cracherodii,9/20/19,11:00,9/24/19,9:00,LMAbC7,Control,macro,25.994,21,0.8079,NA,NA,NA,NA,NA,NA,NA,NA,,snail
26,Haliotis cracherodii,9/20/19,11:00,9/24/19,9:00,LMAbE7,Experimental,macro,22.823,12.4,NA,6,NA,NA,NA,NA,NA,NA,NA,,snail
27,Haliotis cracherodii,9/20/19,11:00,9/24/10,9:00,LSAbC7,Control,sargassum,20.642,23.4,1.1336,NA,NA,NA,NA,NA,NA,NA,NA,,snail
28,Haliotis cracherodii,9/20/19,11:00,9/24/19,9:00,LSAbE7,Experimental,sargassum,19.52,18.8,NA,3.3,NA,NA,NA,NA,NA,NA,NA,,snail
29,Haliotis cracherodii,9/20/19,11:00,9/23/19,10:56,LMAbC8,Control,macro,24.559,20.4,0.8307,NA,NA,NA,NA,NA,NA,NA,NA,,snail
30,Haliotis cracherodii,9/20/19,11:00,9/23/19,10:56,LMAbE8,Experimental,macro,18.916,5.6,NA,10.1,NA,NA,NA,NA,NA,NA,NA,,snail
31,Haliotis cracherodii,9/20/19,11:00,9/23/19,10:56,LSAbC8,Control,sargassum,19.66,19.8,1.0071,NA,NA,NA,NA,NA,NA,NA,NA,,snail
32,Haliotis cracherodii,9/20/19,11:00,9/23/19,10:56,LSAbE8,Experimental,sargassum,22.727,22,NA,0.9,NA,NA,NA,NA,NA,NA,NA,,snail
33,Haliotis cracherodii,9/20/19,11:00,9/21/19,9:00,LMAbC9,Control,macro,20.535,19.8,0.9642,NA,NA,NA,NA,NA,NA,NA,NA,,snail
34,Haliotis cracherodii,9/20/19,11:00,9/21/19,9:00,LMAbE9,Experimental,macro,18.727,14.4,NA,3.7,NA,NA,NA,NA,NA,NA,NA,,snail
35,Haliotis cracherodii,9/20/19,11:00,9/21/19,9:00,LSAbC9,Control,sargassum,18.65,19.4,1.0402,NA,NA,NA,NA,NA,NA,NA,NA,,snail
36,Haliotis cracherodii,9/20/19,11:00,9/21/19,9:00,LSAbE9,Experimental,sargassum,20.521,19,NA,2.3,NA,NA,NA,NA,NA,NA,NA,,snail
37,Haliotis cracherodii,9/20/19,11:00,9/24/19,9:00,LMAbC10,Control,macro,24.109,19.4,0.8047,NA,NA,NA,NA,NA,NA,NA,NA,,snail
38,Haliotis cracherodii,9/20/19,11:00,9/24/19,9:00,LMAbE10,Experimental,macro,22.438,16.8,NA,1.3,NA,NA,NA,NA,NA,NA,NA,,snail
39,Haliotis cracherodii,9/20/19,11:00,9/24/10,9:00,LSAbC10,Control,sargassum,21.33,24.6,1.1533,NA,NA,NA,NA,NA,NA,NA,NA,,snail
40,Haliotis cracherodii,9/20/19,11:00,9/24/19,9:00,LSAbE10,Experimental,sargassum,22.732,23.3,NA,2.9,NA,NA,NA,NA,NA,NA,NA,,snail
41,Haliotis cracherodii,9/20/19,11:00,9/24/19,9:00,LMAbC11,Control,macro,23.009,20.8,0.904,NA,NA,NA,NA,NA,NA,NA,NA,,snail
42,Haliotis cracherodii,9/20/19,11:00,9/24/19,9:00,LMAbE11,Experimental,macro,17.967,6.6,NA,9.6,NA,NA,NA,NA,NA,NA,NA,,snail
43,Haliotis cracherodii,9/20/19,11:00,9/24/19,9:00,LSAbC11,Control,sargassum,21.186,23.4,1.1045,NA,NA,NA,NA,NA,NA,NA,NA,,snail
44,Haliotis cracherodii,9/20/19,11:00,9/24/19,9:00,LSAbE11,Experimental,sargassum,22.52,21.4,NA,3.5,NA,NA,NA,NA,NA,NA,NA,,snail
45,Haliotis cracherodii,9/20/19,11:00,9/24/19,9:00,LMAbC12,Control,macro,22.215,20.8,0.9363,NA,NA,NA,NA,NA,NA,NA,NA,,snail
46,Haliotis cracherodii,9/20/19,11:00,9/24/19,9:00,LMAbE12,Experimental,macro,23.459,11.6,NA,10.4,NA,NA,NA,NA,NA,NA,NA,,snail
47,Haliotis cracherodii,9/20/19,11:00,9/24/10,9:00,LSAbC12,Control,sargassum,19.947,21.4,1.0728,NA,NA,NA,NA,NA,NA,NA,NA,,snail
48,Haliotis cracherodii,9/20/19,11:00,9/24/19,9:00,LSAbE12,Experimental,sargassum,17.535,14.8,NA,4,NA,NA,NA,NA,NA,NA,NA,,snail
49,Haliotis cracherodii,9/20/19,11:00,9/21/19,9:00,LMAbC13,Control,macro,24.087,22.8,0.9466,NA,NA,NA,NA,NA,NA,NA,NA,,snail
50,Haliotis cracherodii,9/20/19,11:00,9/21/19,9:00,LMAbE13,Experimental,macro,18.373,12.4,NA,5,NA,NA,NA,NA,NA,NA,NA,,snail
51,Haliotis cracherodii,9/20/19,11:00,9/21/19,9:00,LSAbC13,Control,sargassum,22.83,24,1.0512,NA,NA,NA,NA,NA,NA,NA,NA,,snail
52,Haliotis cracherodii,9/20/19,11:00,9/21/19,9:00,LSAbE13,Experimental,sargassum,21.109,20.6,NA,1.6,NA,NA,NA,NA,NA,NA,NA,,snail
53,Haliotis cracherodii,9/20/19,11:00,9/24/19,9:00,LMAbC14,Control,macro,22.442,17.4,0.7753,NA,NA,NA,NA,NA,NA,NA,NA,,snail
54,Haliotis cracherodii,9/20/19,11:00,9/24/19,9:00,LMAbE14,Experimental,macro,21.44,20.6,NA,-4,NA,NA,NA,NA,NA,NA,NA,,snail
55,Haliotis cracherodii,9/20/19,11:00,9/24/19,9:00,LSAbC14,Control,sargassum,18.346,19,1.0356,NA,NA,NA,NA,NA,NA,NA,NA,,snail
56,Haliotis cracherodii,9/20/19,11:00,9/24/19,9:00,LSAbE14,Experimental,sargassum,20.556,23.2,NA,-1.9,NA,NA,NA,NA,NA,NA,NA,,snail
57,Haliotis cracherodii,9/20/19,11:00,9/23/19,10:56,LMAbC15,Control,macro,21.794,22.2,1.0186,NA,NA,NA,NA,NA,NA,NA,NA,,snail
58,Haliotis cracherodii,9/20/19,11:00,9/23/19,10:56,LMAbE15,Experimental,macro,25.026,12,NA,13.5,NA,NA,NA,NA,NA,NA,NA,,snail
59,Haliotis cracherodii,9/20/19,11:00,9/23/19,10:56,LSAbC15,Control,sargassum,19.785,20.2,1.021,NA,NA,NA,NA,NA,NA,NA,NA,,snail
60,Haliotis cracherodii,9/20/19,11:00,9/23/19,10:56,LSAbE15,Experimental,sargassum,15.401,12.8,NA,2.9,NA,NA,NA,NA,NA,NA,NA,,snail
61,Haliotis cracherodii,9/20/19,11:00,9/21/19,12:00,LMAbC16,Control,macro,21.015,21.015,1,NA,NA,NA,NA,NA,NA,NA,NA,,snail
62,Haliotis cracherodii,9/20/19,11:00,9/21/19,12:00,LMAbE16,Experimental,macro,21.36,18.8,NA,2.6,NA,NA,NA,NA,NA,NA,NA,,snail
63,Haliotis cracherodii,9/20/19,11:00,9/21/19,12:00,LSAbC16,Control,sargassum,20.825,20.825,1,NA,NA,NA,NA,NA,NA,NA,NA,,snail
64,Haliotis cracherodii,9/20/19,11:00,9/21/19,12:00,LSAbE16,Experimental,sargassum,21.119,21.2,NA,-0.1,NA,NA,NA,NA,NA,NA,NA,,snail
,Pagurus,1/28/20,1700,1/30/20,1215,1,control,macro,8.307,8.4183,1.0134,NA,NA,NA,14C,22C,25.3375 sec/1L,1/25/20,1/28/20,,crab
,Pagurus,1/28/20,1700,1/30/20,1215,1,exp,macro,9.6804,9.6434,NA,0.1667,NA,NA,14C,22C,25.3375 sec/1L,1/25/20,1/28/20,,crab
,Pagurus,1/28/20,1700,1/30/20,1215,2,control,macro,9.4871,9.5983,1.0117,NA,15.0028,1.5224,14C,22C,25.3375 sec/1L,1/25/20,1/28/20,,crab
,Pagurus,1/28/20,1700,1/30/20,1215,2,exp,macro,5.9949,6.0648,NA,0.0004,NA,NA,14C,22C,25.3375 sec/1L,1/25/20,1/28/20,,crab
,Pagurus,1/28/20,1700,1/30/20,1215,3,control,macro,5.73,5.7096,0.9964,NA,17.4468,1.5489,14C,22C,25.3375 sec/1L,1/25/20,1/28/20,,crab
,Pagurus,1/28/20,1700,1/30/20,1215,3,exp,macro,8.2184,8.2088,NA,-0.0197,NA,NA,14C,22C,25.3375 sec/1L,1/25/20,1/28/20,,crab
,Pagurus,1/28/20,1700,1/30/20,1215,4,control,macro,4.7636,4.7856,1.0046,NA,18.5633,1.5371,14C,22C,25.3375 sec/1L,1/25/20,1/28/20,,crab
,Pagurus,1/28/20,1700,1/30/20,1215,4,exp,macro,6.5654,6.5677,NA,0.028,NA,NA,14C,22C,25.3375 sec/1L,1/25/20,1/28/20,,crab
,Pagurus,1/28/20,1700,1/30/20,1215,5,control,macro,6.2367,6.0257,0.9662,NA,19.2993,1.6969,14C,22C,25.3375 sec/1L,1/25/20,1/28/20,,crab
,Pagurus,1/28/20,1700,1/30/20,1215,5,exp,macro,4.5952,4.5457,NA,-0.106,NA,NA,14C,22C,25.3375 sec/1L,1/25/20,1/28/20,,crab
,Pagurus,1/28/20,1700,1/30/20,1215,6,control,macro,4.9934,5.1144,1.0242,NA,16.8891,2.3551,14C,22C,25.3375 sec/1L,1/25/20,1/28/20,,crab
,Pagurus,1/28/20,1700,1/30/20,1215,6,exp,macro,8.0264,8.1249,NA,0.096,NA,NA,14C,22C,25.3375 sec/1L,1/25/20,1/28/20,,crab
,Pagurus,1/28/20,1700,1/30/20,1215,7,control,macro,5.8246,5.8173,0.9987,NA,16.6892,2.1661,14C,22C,25.3375 sec/1L,1/25/20,1/28/20,,crab
,Pagurus,1/28/20,1700,1/30/20,1215,7,exp,macro,9.032,9.0892,NA,-0.0685,NA,NA,14C,22C,25.3375 sec/1L,1/25/20,1/28/20,,crab
,Pagurus,1/28/20,1700,1/30/20,1215,8,control,macro,4.4409,4.488,1.0106,NA,17.3821,1.7325,14C,22C,25.3375 sec/1L,1/25/20,1/28/20,,crab
,Pagurus,1/28/20,1700,1/30/20,1215,8,exp,macro,7.7204,7.7168,NA,0.0855,NA,NA,14C,22C,25.3375 sec/1L,1/25/20,1/28/20,,crab
,Pagurus,1/28/20,1700,1/30/20,1215,9,control,macro,3.8394,3.7643,0.9804,NA,16.5536,2.4095,14C,22C,25.3375 sec/1L,1/25/20,1/28/20,,crab
,Pagurus,1/28/20,1700,1/30/20,1215,9,exp,macro,4.5622,4.5368,NA,-0.0638,NA,NA,14C,22C,25.3375 sec/1L,1/25/20,1/28/20,,crab
,Pagurus,1/28/20,1700,1/30/20,1215,10,control,macro,7.5874,7.6523,1.0086,NA,17.2792,1.6991,14C,22C,25.3375 sec/1L,1/25/20,1/28/20,,crab
,Pagurus,1/28/20,1700,1/30/20,1215,10,exp,macro,7.0423,7.0277,NA,0.0748,NA,NA,14C,22C,25.3375 sec/1L,1/25/20,1/28/20,,crab
,Pagurus,1/28/20,1700,1/30/20,1215,11,control,macro,3.6813,3.37371,0.9164,NA,16.9136,2.9274,14C,22C,25.3375 sec/1L,1/25/20,1/28/20,,crab
,Pagurus,1/28/20,1700,1/30/20,1215,11,exp,macro,5.6121,5.6368,NA,-0.4936,NA,NA,14C,22C,25.3375 sec/1L,1/25/20,1/28/20,,crab
,Pagurus,1/28/20,1700,1/30/20,1215,12,control,macro,6.6854,6.7668,1.0122,NA,19.1277,2.4809,14C,22C,25.3375 sec/1L,1/25/20,1/28/20,,crab
,Pagurus,1/28/20,1700,1/30/20,1215,12,exp,macro,7.2765,7.4031,NA,-0.038,NA,NA,14C,22C,25.3375 sec/1L,1/25/20,1/28/20,,crab
,Pagurus,1/28/20,1700,1/30/20,1215,13,control,macro,4.507,4.499,0.9982,NA,18.2117,2.4124,14C,22C,25.3375 sec/1L,1/25/20,1/28/20,,crab
,Pagurus,1/28/20,1700,1/30/20,1215,13,exp,macro,7.9715,7.9483,NA,0.0091,NA,NA,14C,22C,25.3375 sec/1L,1/25/20,1/28/20,,crab
,Pagurus,1/28/20,1700,1/30/20,1215,14,control,macro,6.7066,6.7337,1.004,NA,17.3483,1.9437,14C,22C,25.3375 sec/1L,1/25/20,1/28/20,,crab
,Pagurus,1/28/20,1700,1/30/20,1215,14,exp,macro,9.1224,8.9232,NA,0.2361,NA,NA,14C,22C,25.3375 sec/1L,1/25/20,1/28/20,,crab
,Pagurus,1/28/20,1700,1/30/20,1215,1,control,sargassum,3.4521,3.6047,1.0442,NA,15.6885,1.7347,14C,22C,25.3375 sec/1L,1/25/20,1/28/20,,crab
,Pagurus,1/28/20,1700,1/30/20,1215,1,exp,sargassum,8.127,7.8315,NA,0.6548,NA,NA,14C,22C,25.3375 sec/1L,1/25/20,1/28/20,,crab
,Pagurus,1/28/20,1700,1/30/20,1215,2,control,sargassum,6.7158,6.6887,0.996,NA,15.0028,1.5224,14C,22C,25.3375 sec/1L,1/25/20,1/28/20,,crab
,Pagurus,1/28/20,1700,1/30/20,1215,2,exp,sargassum,9.0671,8.9085,NA,0.122,NA,NA,14C,22C,25.3375 sec/1L,1/25/20,1/28/20,,crab
,Pagurus,1/28/20,1700,1/30/20,1215,3,control,sargassum,5.2267,5.1984,0.9946,NA,17.4468,1.5489,14C,22C,25.3375 sec/1L,1/25/20,1/28/20,,crab
,Pagurus,1/28/20,1700,1/30/20,1215,3,exp,sargassum,11.2379,10.9735,NA,0.2036,NA,NA,14C,22C,25.3375 sec/1L,1/25/20,1/28/20,,crab
,Pagurus,1/28/20,1700,1/30/20,1215,4,control,sargassum,4.6908,4.7853,1.0201,NA,18.5633,1.5371,14C,22C,25.3375 sec/1L,1/25/20,1/28/20,,crab
,Pagurus,1/28/20,1700,1/30/20,1215,4,exp,sargassum,4.1654,3.9548,NA,0.2945,NA,NA,14C,22C,25.3375 sec/1L,1/25/20,1/28/20,,crab
,Pagurus,1/28/20,1700,1/30/20,1215,5,control,sargassum,12.2927,12.4463,1.0125,NA,19.2993,1.6969,14C,22C,25.3375 sec/1L,1/25/20,1/28/20,,crab
,Pagurus,1/28/20,1700,1/30/20,1215,5,exp,sargassum,5.6047,5.4626,NA,0.2121,NA,NA,14C,22C,25.3375 sec/1L,1/25/20,1/28/20,,crab
,Pagurus,1/28/20,1700,1/30/20,1215,6,control,sargassum,5.4544,5.7174,1.0482,NA,16.8891,2.3551,14C,22C,25.3375 sec/1L,1/25/20,1/28/20,,crab
,Pagurus,1/28/20,1700,1/30/20,1215,6,exp,sargassum,8.6112,8.5853,NA,0.4411,NA,NA,14C,22C,25.3375 sec/1L,1/25/20,1/28/20,,crab
,Pagurus,1/28/20,1700,1/30/20,1215,7,control,sargassum,11.1696,10.9791,0.9829,NA,16.6892,2.1661,14C,22C,25.3375 sec/1L,1/25/20,1/28/20,,crab
,Pagurus,1/28/20,1700,1/30/20,1215,7,exp,sargassum,4.4057,4.2105,NA,0.1201,NA,NA,14C,22C,25.3375 sec/1L,1/25/20,1/28/20,,crab
,Pagurus,1/28/20,1700,1/30/20,1215,8,control,sargassum,4.6339,4.6724,1.0083,NA,17.3821,1.7325,14C,22C,25.3375 sec/1L,1/25/20,1/28/20,,crab
,Pagurus,1/28/20,1700,1/30/20,1215,8,exp,sargassum,4.373,4.2855,NA,0.1238,NA,NA,14C,22C,25.3375 sec/1L,1/25/20,1/28/20,,crab
,Pagurus,1/28/20,1700,1/30/20,1215,9,control,sargassum,5.0467,5.1155,1.0136,NA,16.5536,2.4095,14C,22C,25.3375 sec/1L,1/25/20,1/28/20,,crab
,Pagurus,1/28/20,1700,1/30/20,1215,9,exp,sargassum,7.5289,7.413,NA,0.2185,NA,NA,14C,22C,25.3375 sec/1L,1/25/20,1/28/20,,crab
,Pagurus,1/28/20,1700,1/30/20,1215,10,control,sargassum,3.0077,2.9829,0.9918,NA,17.2792,1.6991,14C,22C,25.3375 sec/1L,1/25/20,1/28/20,,crab
,Pagurus,1/28/20,1700,1/30/20,1215,10,exp,sargassum,4.5155,4.274,NA,0.2043,NA,NA,14C,22C,25.3375 sec/1L,1/25/20,1/28/20,,crab
,Pagurus,1/28/20,1700,1/30/20,1215,11,control,sargassum,3.3404,3.3096,0.9908,NA,16.9136,2.9274,14C,22C,25.3375 sec/1L,1/25/20,1/28/20,,crab
,Pagurus,1/28/20,1700,1/30/20,1215,11,exp,sargassum,10.5408,10.3538,NA,0.0898,NA,NA,14C,22C,25.3375 sec/1L,1/25/20,1/28/20,,crab
,Pagurus,1/28/20,1700,1/30/20,1215,12,control,sargassum,7.4364,7.5362,1.0134,NA,19.1277,2.4809,14C,22C,25.3375 sec/1L,1/25/20,1/28/20,,crab
,Pagurus,1/28/20,1700,1/30/20,1215,12,exp,sargassum,8.4753,8.6867,NA,-0.0977,NA,NA,14C,22C,25.3375 sec/1L,1/25/20,1/28/20,,crab
,Pagurus,1/28/20,1700,1/30/20,1215,13,control,sargassum,4.4373,4.7181,1.0633,NA,18.2117,2.4124,14C,22C,25.3375 sec/1L,1/25/20,1/28/20,,crab
,Pagurus,1/28/20,1700,1/30/20,1215,13,exp,sargassum,11.1813,11.0354,NA,0.8535,NA,NA,14C,22C,25.3375 sec/1L,1/25/20,1/28/20,,crab
,Pagurus,1/28/20,1700,1/30/20,1215,14,control,sargassum,8.0577,8.0171,0.995,NA,17.3483,1.9437,14C,22C,25.3375 sec/1L,1/25/20,1/28/20,,crab
,Pagurus,1/28/20,1700,1/30/20,1215,14,exp,sargassum,7.8563,7.7224,NA,0.0943,NA,NA,14C,22C,25.3375 sec/1L,1/25/20,1/28/20,,crab
,Pachy,1/28/20,1524,1/30/20,845,1,control,macro,8.2265,8.0705,0.981,NA,15.6885,1.7347,14C,22C,25.3375 sec/1L,1/25/20,1/28/20,,crab
,Pachy,1/28/20,1524,1/30/20,845,1,exp,macro,5.7221,5.5279,NA,0.0857,NA,NA,14C,22C,25.3375 sec/1L,1/25/20,1/28/20,,crab
,Pachy,1/28/20,1524,1/30/20,845,2,control,macro,6.2673,6.1916,0.9879,NA,5.368,NA,14C,22C,25.3375 sec/1L,1/25/20,1/28/20,,crab
,Pachy,1/28/20,1524,1/30/20,845,2,exp,macro,8.9833,8.8004,NA,0.0744,NA,NA,14C,22C,25.3375 sec/1L,1/25/20,1/28/20,,crab
,Pachy,1/28/20,1524,1/30/20,845,3,control,macro,6.6646,6.6013,0.9905,NA,3.039,NA,14C,22C,25.3375 sec/1L,1/25/20,1/28/20,,crab
,Pachy,1/28/20,1524,1/30/20,845,3,exp,macro,10.6339,10.2183,NA,0.3146,NA,NA,14C,22C,25.3375 sec/1L,1/25/20,1/28/20,,crab
,Pachy,1/28/20,1524,1/30/20,845,4,control,macro,3.7827,3.7478,0.9908,NA,6.04,NA,14C,22C,25.3375 sec/1L,1/25/20,1/28/20,,crab
,Pachy,1/28/20,1524,1/30/20,845,4,exp,macro,9.8618,9.3688,NA,0.402,NA,NA,14C,22C,25.3375 sec/1L,1/25/20,1/28/20,,crab
,Pachy,1/28/20,1524,1/30/20,845,5,control,macro,7.3636,7.33,0.9954,NA,2.7361,NA,14C,22C,25.3375 sec/1L,1/25/20,1/28/20,,crab
,Pachy,1/28/20,1524,1/30/20,845,5,exp,macro,5.3989,5.2741,NA,0.1002,NA,NA,14C,22C,25.3375 sec/1L,1/25/20,1/28/20,,crab
,Pachy,1/28/20,1524,1/30/20,845,6,control,macro,11.0338,10.826,0.9812,NA,2.1086,NA,14C,22C,25.3375 sec/1L,1/25/20,1/28/20,,crab
,Pachy,1/28/20,1524,1/30/20,845,6,exp,macro,7.5877,7.1464,NA,0.2984,NA,NA,14C,22C,25.3375 sec/1L,1/25/20,1/28/20,,crab
,Pachy,1/28/20,1524,1/30/20,845,7,control,macro,3.1893,3.2177,1.0089,NA,2.7581,NA,14C,22C,25.3375 sec/1L,1/25/20,1/28/20,,crab
,Pachy,1/28/20,1524,1/30/20,845,7,exp,macro,6.4094,5.9365,NA,0.53,NA,NA,14C,22C,25.3375 sec/1L,1/25/20,1/28/20,,crab
,Pachy,1/28/20,1524,1/30/20,845,8,control,macro,5.8813,5.7769,0.9822,NA,4.1509,NA,14C,22C,25.3375 sec/1L,1/25/20,1/28/20,,crab
,Pachy,1/28/20,1524,1/30/20,845,8,exp,macro,9.134,8.9582,NA,0.0137,NA,NA,14C,22C,25.3375 sec/1L,1/25/20,1/28/20,,crab
,Pachy,1/28/20,1524,1/30/20,845,9,control,macro,4.7182,4.7899,1.0152,NA,3.6777,NA,14C,22C,25.3375 sec/1L,1/25/20,1/28/20,,crab
,Pachy,1/28/20,1524,1/30/20,845,9,exp,macro,7.3626,6.8359,NA,0.6386,NA,NA,14C,22C,25.3375 sec/1L,1/25/20,1/28/20,,crab
,Pachy,1/28/20,1524,1/30/20,845,10,control,macro,5.7115,5.7654,1.0094,NA,8.2271,NA,14C,22C,25.3375 sec/1L,1/25/20,1/28/20,,crab
,Pachy,1/28/20,1524,1/30/20,845,10,exp,macro,8.6839,9.024,NA,-0.2581,NA,NA,14C,22C,25.3375 sec/1L,1/25/20,1/28/20,,crab
,Pachy,1/28/20,1524,1/30/20,845,11,control,macro,5.4872,5.4853,0.9997,NA,3.1676,NA,14C,22C,25.3375 sec/1L,1/25/20,1/28/20,,crab
,Pachy,1/28/20,1524,1/30/20,845,11,exp,macro,8.8308,8.7222,NA,0.1055,NA,NA,14C,22C,25.3375 sec/1L,1/25/20,1/28/20,,crab
,Pachy,1/28/20,1524,1/30/20,845,12,control,macro,7.3553,7.4593,1.0141,NA,3.3624,NA,14C,22C,25.3375 sec/1L,1/25/20,1/28/20,,crab
,Pachy,1/28/20,1524,1/30/20,845,12,exp,macro,5.7918,5.7024,NA,0.1713,NA,NA,14C,22C,25.3375 sec/1L,1/25/20,1/28/20,,crab
,Pachy,1/28/20,1524,1/30/20,845,13,control,macro,5.6036,5.4956,0.9807,NA,2.2026,NA,14C,22C,25.3375 sec/1L,1/25/20,1/28/20,,crab
,Pachy,1/28/20,1524,1/30/20,845,13,exp,macro,6.68051,6.4103,NA,0.1415,NA,NA,14C,22C,25.3375 sec/1L,1/25/20,1/28/20,,crab
,Pachy,1/28/20,1524,1/30/20,845,14,control,macro,4.2643,4.2533,0.9974,NA,4.0642,NA,14C,22C,25.3375 sec/1L,1/25/20,1/28/20,,crab
,Pachy,1/28/20,1524,1/30/20,845,14,exp,macro,4.7654,4.6996,NA,0.0535,NA,NA,14C,22C,25.3375 sec/1L,1/25/20,1/28/20,,crab
,Pachy,1/28/20,1524,1/30/20,845,1,control,sargassum,10.3126,10.0533,0.9749,NA,2.941,NA,14C,22C,25.3375 sec/1L,1/25/20,1/28/20,,crab
,Pachy,1/28/20,1524,1/30/20,845,1,exp,sargassum,7.2477,7.0035,NA,0.062,NA,NA,14C,22C,25.3375 sec/1L,1/25/20,1/28/20,,crab
,Pachy,1/28/20,1524,1/30/20,845,2,control,sargassum,6.6652,6.4361,0.9656,NA,5.368,NA,14C,22C,25.3375 sec/1L,1/25/20,1/28/20,,crab
,Pachy,1/28/20,1524,1/30/20,845,2,exp,sargassum,5.1283,4.7251,NA,0.2269,NA,NA,14C,22C,25.3375 sec/1L,1/25/20,1/28/20,,crab
,Pachy,1/28/20,1524,1/30/20,845,3,control,sargassum,4.1698,4.021,0.9643,NA,3.039,NA,14C,22C,25.3375 sec/1L,1/25/20,1/28/20,,crab
,Pachy,1/28/20,1524,1/30/20,845,3,exp,sargassum,10.3001,9.7443,NA,0.1882,NA,NA,14C,22C,25.3375 sec/1L,1/25/20,1/28/20,,crab
,Pachy,1/28/20,1524,1/30/20,845,4,control,sargassum,2.6665,2.4511,0.9192,NA,6.04,NA,14C,22C,25.3375 sec/1L,1/25/20,1/28/20,,crab
,Pachy,1/28/20,1524,1/30/20,845,4,exp,sargassum,5.7388,5.5645,NA,-0.2893,NA,NA,14C,22C,25.3375 sec/1L,1/25/20,1/28/20,,crab
,Pachy,1/28/20,1524,1/30/20,845,5,control,sargassum,7.6586,7.6552,0.9996,NA,2.7361,NA,14C,22C,25.3375 sec/1L,1/25/20,1/28/20,,crab
,Pachy,1/28/20,1524,1/30/20,845,5,exp,sargassum,10.1187,9.9669,NA,0.1473,NA,NA,14C,22C,25.3375 sec/1L,1/25/20,1/28/20,,crab
,Pachy,1/28/20,1524,1/30/20,845,6,control,sargassum,7.3726,7.1543,0.9704,NA,2.1086,NA,14C,22C,25.3375 sec/1L,1/25/20,1/28/20,,crab
,Pachy,1/28/20,1524,1/30/20,845,6,exp,sargassum,7.2799,7.0599,NA,0.0044,NA,NA,14C,22C,25.3375 sec/1L,1/25/20,1/28/20,,crab
,Pachy,1/28/20,1524,1/30/20,845,7,control,sargassum,4.292,4.2841,0.9982,NA,2.7581,NA,14C,22C,25.3375 sec/1L,1/25/20,1/28/20,,crab
,Pachy,1/28/20,1524,1/30/20,845,7,exp,sargassum,5.774,5.5072,NA,0.2562,NA,NA,14C,22C,25.3375 sec/1L,1/25/20,1/28/20,,crab
,Pachy,1/28/20,1524,1/30/20,845,8,control,sargassum,3.9511,3.9043,0.9882,NA,4.1509,NA,14C,22C,25.3375 sec/1L,1/25/20,1/28/20,,crab
,Pachy,1/28/20,1524,1/30/20,845,8,exp,sargassum,6.45,6.3451,NA,0.0285,NA,NA,14C,22C,25.3375 sec/1L,1/25/20,1/28/20,,crab
,Pachy,1/28/20,1524,1/30/20,845,9,control,sargassum,2.8356,2.9411,1.0372,NA,3.6777,NA,14C,22C,25.3375 sec/1L,1/25/20,1/28/20,,crab
,Pachy,1/28/20,1524,1/30/20,845,9,exp,sargassum,9.2969,9.3481,NA,0.2947,NA,NA,14C,22C,25.3375 sec/1L,1/25/20,1/28/20,,crab
,Pachy,1/28/20,1524,1/30/20,845,10,control,sargassum,6.5015,6.6032,1.0156,NA,8.2271,NA,14C,22C,25.3375 sec/1L,1/25/20,1/28/20,,crab
,Pachy,1/28/20,1524,1/30/20,845,10,exp,sargassum,8.1462,7.9944,NA,0.2792,NA,NA,14C,22C,25.3375 sec/1L,1/25/20,1/28/20,,crab
,Pachy,1/28/20,1524,1/30/20,845,11,control,sargassum,3.1063,3.351,1.0788,NA,3.1676,NA,14C,22C,25.3375 sec/1L,1/25/20,1/28/20,,crab
,Pachy,1/28/20,1524,1/30/20,845,11,exp,sargassum,6.7344,6.2594,NA,1.0055,NA,NA,14C,22C,25.3375 sec/1L,1/25/20,1/28/20,,crab
,Pachy,1/28/20,1524,1/30/20,845,12,control,sargassum,5.3777,5.3618,0.997,NA,3.3624,NA,14C,22C,25.3375 sec/1L,1/25/20,1/28/20,,crab
,Pachy,1/28/20,1524,1/30/20,845,12,exp,sargassum,4.9767,5.0064,NA,-0.0444,NA,NA,14C,22C,25.3375 sec/1L,1/25/20,1/28/20,,crab
,Pachy,1/28/20,1524,1/30/20,845,13,control,sargassum,7.2349,7.3848,1.0207,NA,2.2026,NA,14C,22C,25.3375 sec/1L,1/25/20,1/28/20,,crab
,Pachy,1/28/20,1524,1/30/20,845,13,exp,sargassum,7.551,7.363,NA,0.3444,NA,NA,14C,22C,25.3375 sec/1L,1/25/20,1/28/20,,crab
,Pachy,1/28/20,1524,1/30/20,845,14,control,sargassum,6.4533,6.3835,0.9892,NA,4.0642,NA,14C,22C,25.3375 sec/1L,1/25/20,1/28/20,,crab
,Pachy,1/28/20,1524,1/30/20,845,14,exp,sargassum,8.9648,8.8082,NA,0.0596,NA,NA,14C,22C,25.3375 sec/1L,1/25/20,1/28/20,,crab
,Tegula,1/28/20,1852,1/30/20,1320,1,control,macro,5.9516,5.9014,0.9916,NA,2.941,NA,14C,22C,25.3375 sec/1L,1/25/20,1/28/20,,snail
,Tegula,1/28/20,1852,1/30/20,1320,1,exp,macro,8.2376,7.2945,NA,0.8736,NA,NA,14C,22C,25.3375 sec/1L,1/25/20,1/28/20,,snail
,Tegula,1/28/20,1852,1/30/20,1320,2,control,macro,5.6201,5.5497,0.9875,NA,24.1519,NA,14C,22C,25.3375 sec/1L,1/25/20,1/28/20,,snail
,Tegula,1/28/20,1852,1/30/20,1320,2,exp,macro,4.3027,3.9636,NA,0.2852,NA,NA,14C,22C,25.3375 sec/1L,1/25/20,1/28/20,,snail
,Tegula,1/28/20,1852,1/30/20,1320,3,control,macro,4.7436,4.9324,1.0398,NA,22.4548,NA,14C,22C,25.3375 sec/1L,1/25/20,1/28/20,,snail
,Tegula,1/28/20,1852,1/30/20,1320,3,exp,macro,7.4382,5.5772,NA,2.157,NA,NA,14C,22C,25.3375 sec/1L,1/25/20,1/28/20,,snail
,Tegula,1/28/20,1852,1/30/20,1320,4,control,macro,6.9853,6.9925,1.001,NA,23.9194,NA,14C,22C,25.3375 sec/1L,1/25/20,1/28/20,,snail
,Tegula,1/28/20,1852,1/30/20,1320,4,exp,macro,8.0277,7.4411,NA,0.5949,NA,NA,14C,22C,25.3375 sec/1L,1/25/20,1/28/20,,snail
,Tegula,1/28/20,1852,1/30/20,1320,5,control,macro,7.6337,7.6469,1.0017,NA,22.1681,NA,14C,22C,25.3375 sec/1L,1/25/20,1/28/20,,snail
,Tegula,1/28/20,1852,1/30/20,1320,5,exp,macro,6.2969,5.6109,NA,0.6969,NA,NA,14C,22C,25.3375 sec/1L,1/25/20,1/28/20,,snail
,Tegula,1/28/20,1852,1/30/20,1320,6,control,macro,7.8193,7.8815,1.008,NA,18.2978,NA,14C,22C,25.3375 sec/1L,1/25/20,1/28/20,,snail
,Tegula,1/28/20,1852,1/30/20,1320,6,exp,macro,6.2669,5.555,NA,0.7618,NA,NA,14C,22C,25.3375 sec/1L,1/25/20,1/28/20,,snail
,Tegula,1/28/20,1852,1/30/20,1320,7,control,macro,7.5959,7.646,1.0066,NA,18.9414,NA,14C,22C,25.3375 sec/1L,1/25/20,1/28/20,,snail
,Tegula,1/28/20,1852,1/30/20,1320,7,exp,macro,4.5581,4.3093,NA,0.2789,NA,NA,14C,22C,25.3375 sec/1L,1/25/20,1/28/20,,snail
,Tegula,1/28/20,1852,1/30/20,1320,8,control,macro,6.2864,6.3645,1.0124,NA,21.238,NA,14C,22C,25.3375 sec/1L,1/25/20,1/28/20,,snail
,Tegula,1/28/20,1852,1/30/20,1320,8,exp,macro,5.5259,4.9521,NA,0.6425,NA,NA,14C,22C,25.3375 sec/1L,1/25/20,1/28/20,,snail
,Tegula,1/28/20,1852,1/30/20,1320,9,control,macro,5.0892,5.1577,1.0135,NA,23.1251,NA,14C,22C,25.3375 sec/1L,1/25/20,1/28/20,,snail
,Tegula,1/28/20,1852,1/30/20,1320,9,exp,macro,6.4727,5.7283,NA,0.8315,NA,NA,14C,22C,25.3375 sec/1L,1/25/20,1/28/20,,snail
,Tegula,1/28/20,1852,1/30/20,1320,10,control,macro,6.1811,6.2595,1.0127,NA,20.9602,NA,14C,22C,25.3375 sec/1L,1/25/20,1/28/20,,snail
,Tegula,1/28/20,1852,1/30/20,1320,10,exp,macro,9.3407,8.8457,NA,0.6135,NA,NA,14C,22C,25.3375 sec/1L,1/25/20,1/28/20,,snail
,Tegula,1/28/20,1852,1/30/20,1320,11,control,macro,7.4466,7.5667,1.0161,NA,19.42,NA,14C,22C,25.3375 sec/1L,1/25/20,1/28/20,,snail
,Tegula,1/28/20,1852,1/30/20,1320,11,exp,macro,5.772,4.7736,NA,1.0915,NA,NA,14C,22C,25.3375 sec/1L,1/25/20,1/28/20,,snail
,Tegula,1/28/20,1852,1/30/20,1320,12,control,macro,5.5174,5.7731,1.0463,NA,19.9374,NA,14C,22C,25.3375 sec/1L,1/25/20,1/28/20,,snail
,Tegula,1/28/20,1852,1/30/20,1320,12,exp,macro,8.4567,7.819,NA,1.0296,NA,NA,14C,22C,25.3375 sec/1L,1/25/20,1/28/20,,snail
,Tegula,1/28/20,1852,1/30/20,1320,13,control,macro,2.3671,2.469,1.043,NA,23.0588,NA,14C,22C,25.3375 sec/1L,1/25/20,1/28/20,,snail
,Tegula,1/28/20,1852,1/30/20,1320,13,exp,macro,6.0703,5.7765,NA,0.5551,NA,NA,14C,22C,25.3375 sec/1L,1/25/20,1/28/20,,snail
,Tegula,1/28/20,1852,1/30/20,1320,14,control,macro,3.8519,3.9595,1.0279,NA,19.7312,NA,14C,22C,25.3375 sec/1L,1/25/20,1/28/20,,snail
,Tegula,1/28/20,1852,1/30/20,1320,14,exp,macro,4.6664,4.1596,NA,0.6372,NA,NA,14C,22C,25.3375 sec/1L,1/25/20,1/28/20,,snail
,Tegula,1/28/20,1852,1/30/20,1320,1,control,sargassum,6.4348,6.2346,0.9689,NA,26.2207,NA,14C,22C,25.3375 sec/1L,1/25/20,1/28/20,,snail
,Tegula,1/28/20,1852,1/30/20,1320,1,exp,sargassum,7.3272,7.1965,NA,-0.0973,NA,NA,14C,22C,25.3375 sec/1L,1/25/20,1/28/20,,snail
,Tegula,1/28/20,1852,1/30/20,1320,2,control,sargassum,4.2387,3.9682,0.9362,NA,24.1519,NA,14C,22C,25.3375 sec/1L,1/25/20,1/28/20,,snail
,Tegula,1/28/20,1852,1/30/20,1320,2,exp,sargassum,8.0774,7.8401,NA,-0.2782,NA,NA,14C,22C,25.3375 sec/1L,1/25/20,1/28/20,,snail
,Tegula,1/28/20,1852,1/30/20,1320,3,control,sargassum,10.9027,10.7051,0.9819,NA,22.4548,NA,14C,22C,25.3375 sec/1L,1/25/20,1/28/20,,snail
,Tegula,1/28/20,1852,1/30/20,1320,3,exp,sargassum,4.1542,4.0136,NA,0.0653,NA,NA,14C,22C,25.3375 sec/1L,1/25/20,1/28/20,,snail
,Tegula,1/28/20,1852,1/30/20,1320,4,control,sargassum,6.8326,6.7993,0.9951,NA,23.9194,NA,14C,22C,25.3375 sec/1L,1/25/20,1/28/20,,snail
,Tegula,1/28/20,1852,1/30/20,1320,4,exp,sargassum,6.7694,6.4674,NA,0.269,NA,NA,14C,22C,25.3375 sec/1L,1/25/20,1/28/20,,snail
,Tegula,1/28/20,1852,1/30/20,1320,5,control,sargassum,3.9733,3.9683,0.9987,NA,22.1681,NA,14C,22C,25.3375 sec/1L,1/25/20,1/28/20,,snail
,Tegula,1/28/20,1852,1/30/20,1320,5,exp,sargassum,6.6317,6.491,NA,0.1324,NA,NA,14C,22C,25.3375 sec/1L,1/25/20,1/28/20,,snail
,Tegula,1/28/20,1852,1/30/20,1320,6,control,sargassum,6.5608,6.5777,1.0026,NA,18.2978,NA,14C,22C,25.3375 sec/1L,1/25/20,1/28/20,,snail
,Tegula,1/28/20,1852,1/30/20,1320,6,exp,sargassum,6.4103,6.3906,NA,0.0362,NA,NA,14C,22C,25.3375 sec/1L,1/25/20,1/28/20,,snail
,Tegula,1/28/20,1852,1/30/20,1320,7,control,sargassum,3.269,3.2391,0.9909,NA,18.9414,NA,14C,22C,25.3375 sec/1L,1/25/20,1/28/20,,snail
,Tegula,1/28/20,1852,1/30/20,1320,7,exp,sargassum,4.3152,4.2144,NA,0.0613,NA,NA,14C,22C,25.3375 sec/1L,1/25/20,1/28/20,,snail
,Tegula,1/28/20,1852,1/30/20,1320,8,control,sargassum,7.8018,7.7817,0.9974,NA,21.238,NA,14C,22C,25.3375 sec/1L,1/25/20,1/28/20,,snail
,Tegula,1/28/20,1852,1/30/20,1320,8,exp,sargassum,5.8775,5.819,NA,0.0434,NA,NA,14C,22C,25.3375 sec/1L,1/25/20,1/28/20,,snail
,Tegula,1/28/20,1852,1/30/20,1320,9,control,sargassum,7.4421,7.5925,1.0202,NA,23.1251,NA,14C,22C,25.3375 sec/1L,1/25/20,1/28/20,,snail
,Tegula,1/28/20,1852,1/30/20,1320,9,exp,sargassum,11.7213,11.642,NA,0.3162,NA,NA,14C,22C,25.3375 sec/1L,1/25/20,1/28/20,,snail
,Tegula,1/28/20,1852,1/30/20,1320,10,control,sargassum,7.992,8.2264,1.0293,NA,20.9602,NA,14C,22C,25.3375 sec/1L,1/25/20,1/28/20,,snail
,Tegula,1/28/20,1852,1/30/20,1320,10,exp,sargassum,5.8867,6.0677,NA,-0.0083,NA,NA,14C,22C,25.3375 sec/1L,1/25/20,1/28/20,,snail
,Tegula,1/28/20,1852,1/30/20,1320,11,control,sargassum,5.0624,5.3154,1.05,NA,19.42,NA,14C,22C,25.3375 sec/1L,1/25/20,1/28/20,,snail
,Tegula,1/28/20,1852,1/30/20,1320,11,exp,sargassum,5.1256,5.0768,NA,0.305,NA,NA,14C,22C,25.3375 sec/1L,1/25/20,1/28/20,,snail
,Tegula,1/28/20,1852,1/30/20,1320,12,control,sargassum,7.4491,7.5038,1.0073,NA,19.9374,NA,14C,22C,25.3375 sec/1L,1/25/20,1/28/20,,snail
,Tegula,1/28/20,1852,1/30/20,1320,12,exp,sargassum,6.6466,6.6303,NA,0.0651,NA,NA,14C,22C,25.3375 sec/1L,1/25/20,1/28/20,,snail
,Tegula,1/28/20,1852,1/30/20,1320,13,control,sargassum,7.2058,7.3227,1.0162,NA,23.0588,NA,14C,22C,25.3375 sec/1L,1/25/20,1/28/20,,snail
,Tegula,1/28/20,1852,1/30/20,1320,13,exp,sargassum,6.8996,6.8827,NA,0.1288,NA,NA,14C,22C,25.3375 sec/1L,1/25/20,1/28/20,,snail
,Tegula,1/28/20,1852,1/30/20,1320,14,control,sargassum,8.0577,8.1225,1.008,NA,19.7312,NA,14C,22C,25.3375 sec/1L,1/25/20,1/28/20,,snail
,Tegula,1/28/20,1852,1/30/20,1320,14,exp,sargassum,5.0641,4.8658,NA,0.239,NA,NA,14C,22C,25.3375 sec/1L,1/25/20,1/28/20,,snail
,,,,,,,,,,,,,26.2207,NA,,,,,,,